{"cameraMode":{"drawMode":0,"name":"Shaded","section":"Shading Mode"},"sceneLighting":true,"audioPlay":false,"sceneViewState":{"m_AlwaysRefresh":false,"showFog":true,"showSkybox":true,"showFlares":true,"showImageEffects":true,"showParticleSystems":true,"showVisualEffectGraphs":true,"m_FxEnabled":true},"in2DMode":false,"pivot":{"x":19.747467041015626,"y":1.3728382587432862,"z":-11.46622085571289},"rotation":{"x":0.0012096940772607923,"y":0.9886117577552795,"z":-0.1503225415945053,"w":0.00802063662558794},"size":4.5005059242248539,"orthographic":true}