{"cameraMode":{"drawMode":0,"name":"Shaded","section":"Shading Mode"},"sceneLighting":true,"audioPlay":false,"sceneViewState":{"m_AlwaysRefresh":false,"showFog":true,"showSkybox":true,"showFlares":true,"showImageEffects":true,"showParticleSystems":true,"showVisualEffectGraphs":true,"m_FxEnabled":true},"in2DMode":false,"pivot":{"x":19.67410659790039,"y":4.6056132316589359,"z":5.087828636169434},"rotation":{"x":-0.07268452644348145,"y":0.7682414650917053,"z":-0.08866002410650253,"w":-0.6298132538795471},"size":2.0923428535461427,"orthographic":true}